<?xml version="1.0" encoding="UTF-8"?>
<!DOCTYPE mapper
  PUBLIC "-//mybatis.org//DTD Mapper 3.0//EN"
  "http://mybatis.org/dtd/mybatis-3-mapper.dtd">
  <mapper namespace="com.openrun.ticket.sellerMapper">
	<select id='seller' resultType="SellerVo">
		select * from seller
	</select>
	<insert id="insertSeller" parameterType="SellerVo">
    	INSERT INTO seller (s_id, s_pw, s_business_name, s_business_reg_no, s_address, s_phone, s_email, s_bank_name, s_account_no)
    	VALUES (#{s_id}, #{s_pw}, #{s_business_name}, #{s_business_reg_no}, #{s_address}, #{s_phone}, #{s_email}, #{s_bank_name}, #{s_account_no})
    </insert>
    <select id="idCheck" resultType="int" parameterType="String">
        SELECT COUNT(*) FROM seller WHERE s_id = #{s_id}
    </select>
    <select id="login" parameterType="SellerVo" resultType="SellerVo" >
        SELECT * FROM seller WHERE s_id = #{s_id} AND s_pw = #{s_pw}
    </select>
    <select id="findIdCheck" parameterType="SellerVo" resultType="SellerVo" >
        SELECT * FROM seller WHERE s_business_name = #{s_business_name} AND s_business_reg_no = #{s_business_reg_no}
    </select>
    <select id="findPwCheck" parameterType="SellerVo" resultType="SellerVo" >
        SELECT * FROM seller WHERE s_id = #{s_id} AND s_business_name = #{s_business_name} AND s_business_reg_no = #{s_business_reg_no}
    </select>
    <update id="pwChange" parameterType="SellerVo">
        UPDATE seller SET s_pw = #{s_pw} WHERE s_id = #{s_id}
    </update>
	</mapper>