<?xml version="1.0" encoding="UTF-8"?>
<!DOCTYPE mapper
  PUBLIC "-//mybatis.org//DTD Mapper 3.0//EN"
  "http://mybatis.org/dtd/mybatis-3-mapper.dtd">
  <mapper namespace="com.openrun.ticket.userMapper">
	<select id='user' resultType="UserVo">
		select * from user
	</select>
	<insert id="insertUser" parameterType="UserVo">
        INSERT INTO user (u_id, u_pw, u_name, u_birth, u_address, u_phone, u_email, u_bank_name, u_account_no)
        VALUES (#{u_id}, #{u_pw}, #{u_name}, #{u_birth}, #{u_address}, #{u_phone}, #{u_email}, #{u_bank_name}, #{u_account_no})
    </insert>
    <select id="idCheck" parameterType="String" resultType="int">
        SELECT COUNT(*) FROM user WHERE u_id = #{u_id}
    </select>
	<select id="login" parameterType="UserVo" resultType="UserVo" >
        SELECT * FROM user WHERE u_id = #{u_id} AND u_pw = #{u_pw}
    </select>
    <select id="findIdCheck" parameterType="UserVo" resultType="UserVo" >
        SELECT * FROM user WHERE u_name = #{u_name} AND u_birth = #{u_birth}
    </select>
    <select id="findPwCheck" parameterType="UserVo" resultType="UserVo" >
        SELECT * FROM user WHERE u_name = #{u_name} AND u_birth = #{u_birth} AND u_id = #{u_id}
    </select>
    <update id="pwChange" parameterType="UserVo">
        UPDATE user SET u_pw = #{u_pw} WHERE u_id = #{u_id}
    </update>
	</mapper>